# R load [Ohms], Mean absolute voltage [V], Mean instant power [W]
1.000000000000000000e+04,1.297546386718750194e-02,2.365233166383044687e-10
