# R load [Ohms], Mean absolute voltage [V], Mean instant power [W]
1.000000000000000000e+04,5.915374755859375243e-03,2.689660996058597605e-08
