# R load [Ohms], Mean absolute voltage [V], Mean instant power [W]
1.000000000000000000e+04,4.747924804687500382e-03,2.341695351175742638e-11
