# R load [Ohms], Mean absolute voltage [V], Mean instant power [W]
1.000000000000000000e+04,4.583892822265624514e-03,3.553531060468171817e-09
