# R load [Ohms], Mean absolute voltage [V], Mean instant power [W]
1.000000000000000000e+04,1.323547363281250486e-02,1.821944737198329482e-10
